﻿X,Y,OBJECTID,stop_id,stop_code,stop_name,stop_desc,platform_code,platform_name,stop_lat,stop_lon,zone_id,stop_address,stop_url,level_id,location_type,parent_station,wheelchair_boarding,municipality,on_street,at_street,vehicle_type,Sidewalk_Width__ft_,Accessibility_Score,Sidewalk_Condition,Sidewalk_Material,Current_Shelter,Routes,Municipality_1,Neighborhood,created_user,created_date,last_edited_user,last_edited_date
-7919411.843,5220458.519,663330,place-alfcl,,Alewife,,,,42.39583,-71.141287,,"Alewife Brook Pkwy and Cambridge Park Dr, Cambridge, MA 02140",https://www.mbta.com/stops/place-alfcl,,1,,1,Cambridge,,,,,,,,,,,,DOT_ADMIN,2023/12/11 19:40:12+00,DOT_ADMIN,2023/12/11 19:40:12+00
-7919040.927,5213357.129,663342,place-alsgr,,Allston Street,,,,42.348701,-71.137955,,"Allston St and Commonwealth Ave, Boston, MA 02134",https://www.mbta.com/stops/place-alsgr,,1,,2,Boston,,,,,,,,,,,,DOT_ADMIN,2023/12/11 19:40:12+00,DOT_ADMIN,2023/12/11 19:40:12+00
-7916457.535,5213702.213,663345,place-amory,,Amory Street,,,,42.350992,-71.114748,,"Commonwealth Ave and Amory St, Boston, MA 02215",https://www.mbta.com/stops/place-amory,,1,,1,Boston,,,,,,,,,,,,DOT_ADMIN,2023/12/11 19:40:12+00,DOT_ADMIN,2023/12/11 19:40:12+00
-7910101.972,5210563.93,663352,place-andrw,,Andrew,,,,42.330154,-71.057655,,"Dorchester Ave and Southhampton St, South Boston, MA 02127",https://www.mbta.com/stops/place-andrw,,1,,1,Boston,,,,,,,,,,,,DOT_ADMIN,2023/12/11 19:40:12+00,DOT_ADMIN,2023/12/11 19:40:12+00
-7907067.402,5217207.995,663360,place-aport,,Airport,,,,42.374262,-71.030395,,"Transportation Way and Service Rd, Boston, MA 02128",https://www.mbta.com/stops/place-aport,,1,,1,Boston,,,,,,,,,,,,DOT_ADMIN,2023/12/11 19:40:12+00,DOT_ADMIN,2023/12/11 19:40:12+00
-7909433.721,5215026.634,663367,place-aqucl,,Aquarium,,,,42.359784,-71.051652,,"Atlantic Ave and State St, Boston, MA 02120",https://www.mbta.com/stops/place-aqucl,,1,,1,Boston,,,,,,,,,,,,DOT_ADMIN,2023/12/11 19:40:12+00,DOT_ADMIN,2023/12/11 19:40:12+00
-7911575.619,5213839.286,663374,place-armnl,,Arlington,,,,42.351902,-71.070893,,"Arlington St and Boylston St, Boston, MA 02116",https://www.mbta.com/stops/place-armnl,,1,,1,Boston,,,,,,,,,,,,DOT_ADMIN,2023/12/11 19:40:12+00,DOT_ADMIN,2023/12/11 19:40:12+00
-7910783.47,5203694.903,663381,place-asmnl,,Ashmont,,,,42.28452,-71.063777,,"Dorchester Ave and Ashmont St, Boston, MA 02124",https://www.mbta.com/stops/place-asmnl,,1,,1,Boston,,,,,,,,,,,,DOT_ADMIN,2023/12/11 19:40:12+00,DOT_ADMIN,2023/12/11 19:40:12+00
-7912284.056,5220003.457,663391,place-astao,,Assembly,,,,42.392811,-71.077257,,"499 Foley St, Somerville, MA 02145",https://www.mbta.com/stops/place-astao,,1,,1,Somerville,,,,,,,,,,,,DOT_ADMIN,2023/12/11 19:40:12+00,DOT_ADMIN,2023/12/11 19:40:12+00
-7917033.725,5213796.206,663396,place-babck,,Babcock Street,,,,42.351616,-71.119924,,"Commonwealth Ave and Babcock St, Boston, MA 02215",https://www.mbta.com/stops/place-babck,,1,,1,Boston,,,,,,,,,,,,DOT_ADMIN,2023/12/11 19:40:12+00,DOT_ADMIN,2023/12/11 19:40:12+00
-7916040.644,5221070.377,663403,place-balsq,,Ball Square,,,,42.399889,-71.111003,,"646 Boston Ave, Somerville, MA 02144",https://www.mbta.com/stops/place-balsq,,1,,1,Medford,,,,,,,,,,,,DOT_ADMIN,2023/12/11 19:40:12+00,DOT_ADMIN,2023/12/11 19:40:12+00
-7912113.737,5213153.639,663408,place-bbsta,,Back Bay,,,,42.34735,-71.075727,CR-zone-1A,"145 Dartmouth St Boston, MA 02116",https://www.mbta.com/stops/place-bbsta,,1,,1,Boston,,,,,,,,,,,,DOT_ADMIN,2023/12/11 19:40:12+00,DOT_ADMIN,2023/12/11 19:40:12+00
-7916075.153,5210561.671,663428,place-bckhl,,Back of the Hill,,,,42.330139,-71.111313,,"100 South Huntington Ave, Boston, MA 02130",https://www.mbta.com/stops/place-bckhl,,1,,2,Boston,,,,,,,,,,,,DOT_ADMIN,2023/12/11 19:40:12+00,DOT_ADMIN,2023/12/11 19:40:12+00
-7919319.225,5211408.866,663431,place-bcnfd,,Beaconsfield,,,,42.335765,-71.140455,,"124 Beaconsfield Rd, Brookline, MA 02445",https://www.mbta.com/stops/place-bcnfd,,1,,2,Brookline,,,,,,,,,,,,DOT_ADMIN,2023/12/11 19:40:12+00,DOT_ADMIN,2023/12/11 19:40:12+00
-7918748.713,5211955.381,663438,place-bcnwa,,Washington Square,,,,42.339394,-71.13533,,"Beacon St and Washington St, Brookline, MA",https://www.mbta.com/stops/place-bcnwa,,1,,1,Brookline,,,,,,,,,,,,DOT_ADMIN,2023/12/11 19:40:12+00,DOT_ADMIN,2023/12/11 19:40:12+00
-7914844.516,5213446.298,663447,place-bland,,Blandford Street,,,,42.349293,-71.100258,,"Commonwealth Ave and Blandford Mall, Boston, MA 02215",https://www.mbta.com/stops/place-bland,,1,,2,Boston,,,,,,,,,,,,DOT_ADMIN,2023/12/11 19:40:12+00,DOT_ADMIN,2023/12/11 19:40:12+00
-7902828.801,5220716.583,663450,place-bmmnl,,Beachmont,,,,42.397542,-70.992319,,"630 Winthrop Ave, Revere, MA 02151",https://www.mbta.com/stops/place-bmmnl,,1,,1,Revere,,,,,,,,,,,,DOT_ADMIN,2023/12/11 19:40:12+00,DOT_ADMIN,2023/12/11 19:40:12+00
-7918053.189,5212050.11,663454,place-bndhl,,Brandon Hall,,,,42.340023,-71.129082,,"1481 Beacon St, Brookline, MA",https://www.mbta.com/stops/place-bndhl,,1,,2,Brookline,,,,,,,,,,,,DOT_ADMIN,2023/12/11 19:40:12+00,DOT_ADMIN,2023/12/11 19:40:12+00
-7910589.774,5215264.815,663457,place-bomnl,,Bowdoin,,,,42.361365,-71.062037,,"Cambridge St and New Chardon St, Boston, MA 02114",https://www.mbta.com/stops/place-bomnl,,1,,2,Boston,,,,,,,,,,,,DOT_ADMIN,2023/12/11 19:40:12+00,DOT_ADMIN,2023/12/11 19:40:12+00
-7910873.972,5214007.693,663464,place-boyls,,Boylston,,,,42.35302,-71.06459,,"Boylston St and Tremont St, Boston, MA",https://www.mbta.com/stops/place-boyls,,1,,2,Boston,,,,,,,,,,,,DOT_ADMIN,2023/12/11 19:40:12+00,DOT_ADMIN,2023/12/11 19:40:12+00
-7910025.384,5212441.534,663469,place-brdwy,,Broadway,,,,42.342622,-71.056967,,"Dorchester Ave and Broadway, Boston, MA",https://www.mbta.com/stops/place-brdwy,,1,,1,Boston,,,,,,,,,,,,DOT_ADMIN,2023/12/11 19:40:12+00,DOT_ADMIN,2023/12/11 19:40:12+00
-7917602.234,5213849.077,663474,place-brico,,Packard's Corner,,,,42.351967,-71.125031,,"Commonwealth Ave and Brighton Ave, Boston, MA 02215",https://www.mbta.com/stops/place-brico,,1,,2,Boston,,,,,,,,,,,,DOT_ADMIN,2023/12/11 19:40:12+00,DOT_ADMIN,2023/12/11 19:40:12+00
-7917786.133,5210738.904,663477,place-brkhl,,Brookline Hills,,,,42.331316,-71.126683,,"Tappan St and Cypress St, Brookline, MA 02445",https://www.mbta.com/stops/place-brkhl,,1,,1,Brookline,,,,,,,,,,,,DOT_ADMIN,2023/12/11 19:40:12+00,DOT_ADMIN,2023/12/11 19:40:12+00
-7915328.867,5211177.559,663482,place-brmnl,,Brigham Circle,,,,42.334229,-71.104609,,"Huntington Ave and Francis St, Boston, MA",https://www.mbta.com/stops/place-brmnl,,1,,1,Boston,,,,,,,,,,,,DOT_ADMIN,2023/12/11 19:40:12+00,DOT_ADMIN,2023/12/11 19:40:12+00
-7903810.528,5192165.996,663485,place-brntn,,Braintree,,,,42.207854,-71.001138,CR-zone-2,"197 Ivory St, Braintree, MA 02184",https://www.mbta.com/stops/place-brntn,,1,,1,Braintree,,,,,,,,,,,,DOT_ADMIN,2023/12/11 19:40:12+00,DOT_ADMIN,2023/12/11 19:40:12+00
-7915580.004,5213565.142,663495,place-bucen,,Boston University Central,,,,42.350082,-71.106865,,"Commonwealth Ave and Marsh Chapel, Boston, MA 02215",https://www.mbta.com/stops/place-bucen,,1,,1,Boston,,,,,,,,,,,,DOT_ADMIN,2023/12/11 19:40:12+00,DOT_ADMIN,2023/12/11 19:40:12+00
-7915248.717,5213512.874,663498,place-buest,,Boston University East,,,,42.349735,-71.103889,,"Commonwealth Ave and Granby St, Boston, MA 02215",https://www.mbta.com/stops/place-buest,,1,,1,Boston,,,,,,,,,,,,DOT_ADMIN,2023/12/11 19:40:12+00,DOT_ADMIN,2023/12/11 19:40:12+00
-7910643.43,5201875.747,663501,place-butlr,,Butler,,,,42.272429,-71.062519,,"Butler St and Branchfield St, Dorchester, MA 02124",https://www.mbta.com/stops/place-butlr,,1,,1,Boston,,,,,,,,,,,,DOT_ADMIN,2023/12/11 19:40:12+00,DOT_ADMIN,2023/12/11 19:40:12+00
-7916692.308,5210933.458,663506,place-bvmnl,,Brookline Village,,,,42.332608,-71.116857,,"31 Station St, Brookline, MA 02445",https://www.mbta.com/stops/place-bvmnl,,1,,1,Brookline,,,,,,,,,,,,DOT_ADMIN,2023/12/11 19:40:12+00,DOT_ADMIN,2023/12/11 19:40:12+00
-7913406.268,5201143.73,663513,place-capst,,Capen Street,,,,42.267563,-71.087338,,"50 Capen St, Milton, MA 02186",https://www.mbta.com/stops/place-capst,,1,,1,Milton,,,,,,,,,,,,DOT_ADMIN,2023/12/11 19:40:12+00,DOT_ADMIN,2023/12/11 19:40:12+00
-7911424.224,5217111.557,663518,place-ccmnl,,Community College,,,,42.373622,-71.069533,,"Austin St and Rutherford Ave, Charlestown, MA",https://www.mbta.com/stops/place-ccmnl,,1,,1,Boston,,,,,,,,,,,,DOT_ADMIN,2023/12/11 19:40:12+00,DOT_ADMIN,2023/12/11 19:40:12+00
-7910406.876,5202958.983,663522,place-cedgr,,Cedar Grove,,,,42.279629,-71.060394,,"Fellsway St and Milton St, Dorchester, MA 02124",https://www.mbta.com/stops/place-cedgr,,1,,1,Boston,,,,,,,,,,,,DOT_ADMIN,2023/12/11 19:40:12+00,DOT_ADMIN,2023/12/11 19:40:12+00
-7911859.595,5201514.395,663527,place-cenav,,Central Avenue,,,,42.270027,-71.073444,,"23 Central Ave, Milton, MA 02186",https://www.mbta.com/stops/place-cenav,,1,,1,Milton,,,,,,,,,,,,DOT_ADMIN,2023/12/11 19:40:12+00,DOT_ADMIN,2023/12/11 19:40:12+00
-7922018.055,5210051.825,663544,place-chhil,,Chestnut Hill,,,,42.326753,-71.164699,,"Hammond St and Chestnut Hill Rd, Newton, MA 02467",https://www.mbta.com/stops/place-chhil,,1,,2,Newton,,,,,,,,,,,,DOT_ADMIN,2023/12/11 19:40:12+00,DOT_ADMIN,2023/12/11 19:40:12+00
-7920733.539,5211770.897,663551,place-chill,,Chestnut Hill Avenue,,,,42.338169,-71.15316,,"Commonwealth Ave and Chestnut Hill Ave, Boston, MA",https://www.mbta.com/stops/place-chill,,1,,2,Boston,,,,,,,,,,,,DOT_ADMIN,2023/12/11 19:40:12+00,DOT_ADMIN,2023/12/11 19:40:12+00
-7911546.119,5215234.835,663554,place-chmnl,,Charles/MGH,,,,42.361166,-71.070628,,"Cambridge St and Charles St, Boston, MA",https://www.mbta.com/stops/place-chmnl,,1,,1,Boston,,,,,,,,,,,,DOT_ADMIN,2023/12/11 19:40:12+00,DOT_ADMIN,2023/12/11 19:40:12+00
-7910669.367,5213936.444,663558,place-chncl,,Chinatown,,,,42.352547,-71.062752,,"Washington St and Boylston St, Boston, MA",https://www.mbta.com/stops/place-chncl,,1,,1,Boston,,,,,,,,,,,,DOT_ADMIN,2023/12/11 19:40:12+00,DOT_ADMIN,2023/12/11 19:40:12+00
-7920460.918,5212167.882,663565,place-chswk,,Chiswick Road,,,,42.340805,-71.150711,,"Commonwealth Ave and Chiswick Rd, Boston, MA",https://www.mbta.com/stops/place-chswk,,1,,2,Boston,,,,,,,,,,,,DOT_ADMIN,2023/12/11 19:40:12+00,DOT_ADMIN,2023/12/11 19:40:12+00
-7920306.741,5211465.639,663568,place-clmnl,,Cleveland Circle,,,,42.336142,-71.149326,,"Beacon St and Chestnut Hill Ave, Brighton, MA",https://www.mbta.com/stops/place-clmnl,,1,,1,Boston,,,,,,,,,,,,DOT_ADMIN,2023/12/11 19:40:12+00,DOT_ADMIN,2023/12/11 19:40:12+00
-7915239.032,5215885.679,663571,place-cntsq,,Central,,,,42.365486,-71.103802,,"Massachusetts Ave and Prospect St, Cambridge, MA 02139",https://www.mbta.com/stops/place-cntsq,,1,,1,Cambridge,,,,,,,,,,,,DOT_ADMIN,2023/12/11 19:40:12+00,DOT_ADMIN,2023/12/11 19:40:12+00
-7912305.207,5213548.874,663580,place-coecl,,Copley,,,,42.349974,-71.077447,,"Boylston St and Dartmouth St, Boston, MA",https://www.mbta.com/stops/place-coecl,,1,,1,Boston,,,,,,,,,,,,DOT_ADMIN,2023/12/11 19:40:12+00,DOT_ADMIN,2023/12/11 19:40:12+00
-7907956.845,5213124.117,663586,place-conrd,,Silver Line Way,,,,42.347154,-71.038385,,,https://www.mbta.com/stops/place-conrd,,1,,1,Boston,,,,,,,,,,,,DOT_ADMIN,2023/12/11 19:40:12+00,DOT_ADMIN,2023/12/11 19:40:12+00
-7917182.782,5212365.326,663589,place-cool,,Coolidge Corner,,,,42.342116,-71.121263,,"Beacon St and Harvard St, Brookline, MA",https://www.mbta.com/stops/place-cool,,1,,1,Brookline,,,,,,,,,,,,DOT_ADMIN,2023/12/11 19:40:12+00,DOT_ADMIN,2023/12/11 19:40:12+00
-7917244.23,5220595.69,663597,place-davis,,Davis,,,,42.39674,-71.121815,,"College Ave and Elm St, Somerville, MA",https://www.mbta.com/stops/place-davis,,1,,1,Somerville,,,,,,,,,,,,DOT_ADMIN,2023/12/11 19:40:12+00,DOT_ADMIN,2023/12/11 19:40:12+00
-7919474.85,5211716.38,663603,place-denrd,,Dean Road,,,,42.337807,-71.141853,,"Beacon St and Dean Rd, Brookline, MA",https://www.mbta.com/stops/place-denrd,,1,,2,Brookline,,,,,,,,,,,,DOT_ADMIN,2023/12/11 19:40:12+00,DOT_ADMIN,2023/12/11 19:40:12+00
-7910388.063,5214383.984,663606,place-dwnxg,,Downtown Crossing,,,,42.355518,-71.060225,,"Washington St and Summer St, Boston, MA",https://www.mbta.com/stops/place-dwnxg,,1,,1,Boston,,,,,,,,,,,,DOT_ADMIN,2023/12/11 19:40:12+00,DOT_ADMIN,2023/12/11 19:40:12+00
-7927804.999,5208891.296,663621,place-eliot,,Eliot,,,,42.319045,-71.216684,,"248 Lincoln St, Newton, MA 02461",https://www.mbta.com/stops/place-eliot,,1,,2,Newton,,,,,,,,,,,,DOT_ADMIN,2023/12/11 19:40:12+00,DOT_ADMIN,2023/12/11 19:40:12+00
-7919898.643,5211590.482,663629,place-engav,,Englewood Avenue,,,,42.336971,-71.14566,,"Beacon St and Englewood Ave, Brookline, MA",https://www.mbta.com/stops/place-engav,,1,,2,Brookline,,,,,,,,,,,,DOT_ADMIN,2023/12/11 19:40:12+00,DOT_ADMIN,2023/12/11 19:40:12+00
-7913326.897,5217992.341,663632,place-esomr,,East Somerville,,,,42.379467,-71.086625,,"134 Washington St, Somerville, MA 02143",https://www.mbta.com/stops/place-esomr,,1,,1,Somerville,,,,,,,,,,,,DOT_ADMIN,2023/12/11 19:40:12+00,DOT_ADMIN,2023/12/11 19:40:12+00
-7918274.826,5212005.23,663639,place-fbkst,,Fairbanks Street,,,,42.339725,-71.131073,,"Beacon St and Fairbanks Ave, Brookline, MA",https://www.mbta.com/stops/place-fbkst,,1,,2,Brookline,,,,,,,,,,,,DOT_ADMIN,2023/12/11 19:40:12+00,DOT_ADMIN,2023/12/11 19:40:12+00
-7915453.433,5211098.801,663642,place-fenwd,,Fenwood Road,,,,42.333706,-71.105728,,"Huntington Ave and Fenwood Rd, Boston, MA",https://www.mbta.com/stops/place-fenwd,,1,,2,Boston,,,,,,,,,,,,DOT_ADMIN,2023/12/11 19:40:12+00,DOT_ADMIN,2023/12/11 19:40:12+00
-7915284.784,5212860.386,663645,place-fenwy,,Fenway,,,,42.345403,-71.104213,,"411 Park Dr, Boston, MA 02215",https://www.mbta.com/stops/place-fenwy,,1,,1,Boston,,,,,,,,,,,,DOT_ADMIN,2023/12/11 19:40:12+00,DOT_ADMIN,2023/12/11 19:40:12+00
-7910548.585,5206038.458,663650,place-fldcr,,Fields Corner,,,,42.300093,-71.061667,,"50 Freeman St, Dorchester, MA 02122",https://www.mbta.com/stops/place-fldcr,,1,,1,Boston,,,,,,,,,,,,DOT_ADMIN,2023/12/11 19:40:12+00,DOT_ADMIN,2023/12/11 19:40:12+00
-7916367.923,5206131.773,663656,place-forhl,,Forest Hills,,,,42.300713,-71.113943,CR-zone-1A,"Washington St and Hyde Park Ave, Jamaica Plain, MA 02130",https://www.mbta.com/stops/place-forhl,,1,,1,Boston,,,,,,,,,,,,DOT_ADMIN,2023/12/11 19:40:12+00,DOT_ADMIN,2023/12/11 19:40:12+00
-7914455.788,5219267.475,663670,place-gilmn,,Gilman Square,,,,42.387928,-71.096766,,"161 School St, Somerville, MA 02143",https://www.mbta.com/stops/place-gilmn,,1,,1,Somerville,,,,,,,,,,,,DOT_ADMIN,2023/12/11 19:40:12+00,DOT_ADMIN,2023/12/11 19:40:12+00
-7910275.63,5215014.733,663675,place-gover,,Government Center,,,,42.359705,-71.059215,,"Cambridge St and Court St, Boston, MA",https://www.mbta.com/stops/place-gover,,1,,1,Boston,,,,,,,,,,,,DOT_ADMIN,2023/12/11 19:40:12+00,DOT_ADMIN,2023/12/11 19:40:12+00
-7918706.3,5213333.632,663682,place-grigg,,Griggs Street,,,,42.348545,-71.134949,,"Commonwealth Ave and Griggs St, Boston, MA",https://www.mbta.com/stops/place-grigg,,1,,2,Boston,,,,,,,,,,,,DOT_ADMIN,2023/12/11 19:40:12+00,DOT_ADMIN,2023/12/11 19:40:12+00
-7915641.118,5207608.677,663685,place-grnst,,Green Street,,,,42.310525,-71.107414,,"150 Green St, Jamaica Plain, MA",https://www.mbta.com/stops/place-grnst,,1,,1,Boston,,,,,,,,,,,,DOT_ADMIN,2023/12/11 19:40:12+00,DOT_ADMIN,2023/12/11 19:40:12+00
-7910172.659,5215514.3,663689,place-haecl,,Haymarket,,,,42.363021,-71.05829,,"136 Blackstone St, Boston, MA 02109",https://www.mbta.com/stops/place-haecl,,1,,1,Boston,,,,,,,,,,,,DOT_ADMIN,2023/12/11 19:40:12+00,DOT_ADMIN,2023/12/11 19:40:12+00
-7916925.968,5217072.379,663696,place-harsq,,Harvard,,,,42.373362,-71.118956,,"1400 Massachusetts Ave, Cambridge, MA",https://www.mbta.com/stops/place-harsq,,1,,1,Cambridge,,,,,,,,,,,,DOT_ADMIN,2023/12/11 19:40:12+00,DOT_ADMIN,2023/12/11 19:40:12+00
-7918306.218,5213589.393,663705,place-harvd,,Harvard Avenue,,,,42.350243,-71.131355,,"Commonwealth Ave and Harvard Ave, Boston, MA",https://www.mbta.com/stops/place-harvd,,1,,1,Boston,,,,,,,,,,,,DOT_ADMIN,2023/12/11 19:40:12+00,DOT_ADMIN,2023/12/11 19:40:12+00
-7915957.043,5210287.17,663708,place-hsmnl,,Heath Street,,,,42.328316,-71.110252,,"Heath St and South Huntington Ave, Boston, MA",https://www.mbta.com/stops/place-hsmnl,,1,,1,Boston,,,,,,,,,,,,DOT_ADMIN,2023/12/11 19:40:12+00,DOT_ADMIN,2023/12/11 19:40:12+00
-7916056.451,5212785.53,663710,place-hwsst,,Hawes Street,,,,42.344906,-71.111145,,"Beacon St and Hawes St, Brookline, MA",https://www.mbta.com/stops/place-hwsst,,1,,2,Brookline,,,,,,,,,,,,DOT_ADMIN,2023/12/11 19:40:12+00,DOT_ADMIN,2023/12/11 19:40:12+00
-7913469.164,5213234.673,663713,place-hymnl,,Hynes Convention Center,,,,42.347888,-71.087903,,"100 Massachusetts Ave, Boston, MA",https://www.mbta.com/stops/place-hymnl,,1,,2,Boston,,,,,,,,,,,,DOT_ADMIN,2023/12/11 19:40:12+00,DOT_ADMIN,2023/12/11 19:40:12+00
-7914770.377,5209506.624,663718,place-jaksn,,Jackson Square,,,,42.323132,-71.099592,,"1500 Columbus Ave, Jamaica Plain, MA",https://www.mbta.com/stops/place-jaksn,,1,,1,Boston,,,,,,,,,,,,DOT_ADMIN,2023/12/11 19:40:12+00,DOT_ADMIN,2023/12/11 19:40:12+00
-7909515.986,5209138.205,663723,place-jfk,,JFK/UMass,,,,42.320685,-71.052391,CR-zone-1A,"599 Old Colony Ave, Boston, MA 02127-3805",https://www.mbta.com/stops/place-jfk,,1,,1,Boston,,,,,,,,,,,,DOT_ADMIN,2023/12/11 19:40:12+00,DOT_ADMIN,2023/12/11 19:40:12+00
-7914278.011,5213394.483,663735,place-kencl,,Kenmore,,,,42.348949,-71.095169,,"Commonwealth Ave and Kenmore St, Boston, MA 02215",https://www.mbta.com/stops/place-kencl,,1,,1,Boston,,,,,,,,,,,,DOT_ADMIN,2023/12/11 19:40:12+00,DOT_ADMIN,2023/12/11 19:40:12+00
-7913276.915,5215434.452,663744,place-knncl,,Kendall/MIT,,,,42.362491,-71.086176,,"300 Main St, Cambridge, MA 02142",https://www.mbta.com/stops/place-knncl,,1,,1,Cambridge,,,,,,,,,,,,DOT_ADMIN,2023/12/11 19:40:12+00,DOT_ADMIN,2023/12/11 19:40:12+00
-7916396.198,5212660.22,663753,place-kntst,,Kent Street,,,,42.344074,-71.114197,,"Beacon St and Powell St, Brookline, MA",https://www.mbta.com/stops/place-kntst,,1,,2,Brookline,,,,,,,,,,,,DOT_ADMIN,2023/12/11 19:40:12+00,DOT_ADMIN,2023/12/11 19:40:12+00
-7922248.486,5212058.845,663756,place-lake,,Boston College,,,,42.340081,-71.166769,,"Commonwealth Ave and Lake St, Boston, MA 02135",https://www.mbta.com/stops/place-lake,,1,,1,Boston,,,,,,,,,,,,DOT_ADMIN,2023/12/11 19:40:12+00,DOT_ADMIN,2023/12/11 19:40:12+00
-7912209.138,5216802.662,663759,place-lech,,Lechmere,,,,42.371572,-71.076584,,"3 North First St, Cambridge, MA 02141",https://www.mbta.com/stops/place-lech,,1,,1,Cambridge,,,,,,,,,,,,DOT_ADMIN,2023/12/11 19:40:12+00,DOT_ADMIN,2023/12/11 19:40:12+00
-7914821.584,5211438.231,663767,place-lngmd,,Longwood Medical Area,,,,42.33596,-71.100052,,"Huntington Ave and Longwood Ave, Boston, MA 02115",https://www.mbta.com/stops/place-lngmd,,1,,1,Boston,,,,,,,,,,,,DOT_ADMIN,2023/12/11 19:40:12+00,DOT_ADMIN,2023/12/11 19:40:12+00
-7915924.092,5212302.975,663770,place-longw,,Longwood,,,,42.341702,-71.109956,,"30 Chapel St, Brookline, MA 02446",https://www.mbta.com/stops/place-longw,,1,,1,Brookline,,,,,,,,,,,,DOT_ADMIN,2023/12/11 19:40:12+00,DOT_ADMIN,2023/12/11 19:40:12+00
-7912970.452,5212274.359,663777,place-masta,,Massachusetts Avenue,,,,42.341512,-71.083423,,"393 Massachusetts Ave, Boston, MA 02118",https://www.mbta.com/stops/place-masta,,1,,1,Boston,,,,,,,,,,,,DOT_ADMIN,2023/12/11 19:40:12+00,DOT_ADMIN,2023/12/11 19:40:12+00
-7913979.341,5201152.304,663784,place-matt,,Mattapan,,,,42.26762,-71.092486,,"500 River St, Boston, MA 02126",https://www.mbta.com/stops/place-matt,,1,,1,Boston,,,,,,,,,,,,DOT_ADMIN,2023/12/11 19:40:12+00,DOT_ADMIN,2023/12/11 19:40:12+00
-7916713.125,5222289.389,663793,place-mdftf,,Medford/Tufts,,,,42.407975,-71.117044,,"460 Boston Ave, Medford, MA 02155",https://www.mbta.com/stops/place-mdftf,,1,,1,Medford,,,,,,,,,,,,DOT_ADMIN,2023/12/11 19:40:12+00,DOT_ADMIN,2023/12/11 19:40:12+00
-7914316.194,5211701.923,663797,place-mfa,,Museum of Fine Arts,,,,42.337711,-71.095512,,"Huntington Ave and Ruggles St, Boston, MA",https://www.mbta.com/stops/place-mfa,,1,,1,Boston,,,,,,,,,,,,DOT_ADMIN,2023/12/11 19:40:12+00,DOT_ADMIN,2023/12/11 19:40:12+00
-7915526.904,5220134.743,663800,place-mgngl,,Magoun Square,,,,42.393682,-71.106388,,"270 Lowell St, Somerville, MA 02145",https://www.mbta.com/stops/place-mgngl,,1,,1,Somerville,,,,,,,,,,,,DOT_ADMIN,2023/12/11 19:40:12+00,DOT_ADMIN,2023/12/11 19:40:12+00
-7911171.863,5201562.835,663804,place-miltt,,Milton,,,,42.270349,-71.067266,,"1 Adams St, Milton, MA 02186",https://www.mbta.com/stops/place-miltt,,1,,1,Milton,,,,,,,,,,,,DOT_ADMIN,2023/12/11 19:40:12+00,DOT_ADMIN,2023/12/11 19:40:12+00
-7915901.828,5211021.851,663809,place-mispk,,Mission Park,,,,42.333195,-71.109756,,"Huntington Ave and Mission Park Dr, Boston, MA 02115",https://www.mbta.com/stops/place-mispk,,1,,2,Boston,,,,,,,,,,,,DOT_ADMIN,2023/12/11 19:40:12+00,DOT_ADMIN,2023/12/11 19:40:12+00
-7911933.734,5225102.641,663812,place-mlmnl,,Malden Center,,,,42.426632,-71.07411,CR-zone-1A,"Commercial St and Pleasant St, Malden, MA 02148",https://www.mbta.com/stops/place-mlmnl,,1,,1,Malden,,,,,,,,,,,,DOT_ADMIN,2023/12/11 19:40:12+00,DOT_ADMIN,2023/12/11 19:40:12+00
-7908084.306,5216433.055,663822,place-mvbcl,,Maverick,,,,42.369119,-71.03953,,"Sumner St and Maverick Sq, East Boston, MA",https://www.mbta.com/stops/place-mvbcl,,1,,1,Boston,,,,,,,,,,,,DOT_ADMIN,2023/12/11 19:40:12+00,DOT_ADMIN,2023/12/11 19:40:12+00
-7926561.004,5209393.552,663829,place-newtn,,Newton Highlands,,,,42.322381,-71.205509,,"60 Station Ave, Newton, MA 02461",https://www.mbta.com/stops/place-newtn,,1,,1,Newton,,,,,,,,,,,,DOT_ADMIN,2023/12/11 19:40:12+00,DOT_ADMIN,2023/12/11 19:40:12+00
-7925103.275,5210456.869,663837,place-newto,,Newton Centre,,,,42.329443,-71.192414,,"72 Union St, Newton, MA 02459",https://www.mbta.com/stops/place-newto,,1,,1,Newton,,,,,,,,,,,,DOT_ADMIN,2023/12/11 19:40:12+00,DOT_ADMIN,2023/12/11 19:40:12+00
-7910506.618,5215899.389,663846,place-north,,North Station,,,,42.365577,-71.06129,CR-zone-1A,"135 Causeway St, Boston, MA 02114",https://www.mbta.com/stops/place-north,,1,,1,Boston,,,,,,,,,,,,DOT_ADMIN,2023/12/11 19:40:12+00,DOT_ADMIN,2023/12/11 19:40:12+00
-7906977.011,5202303.912,663870,place-nqncy,,North Quincy,,,,42.275275,-71.029583,,"Hancock St and Hunt St, Quincy, MA 02171",https://www.mbta.com/stops/place-nqncy,,1,,1,Quincy,,,,,,,,,,,,DOT_ADMIN,2023/12/11 19:40:12+00,DOT_ADMIN,2023/12/11 19:40:12+00
-7913032.68,5210472.077,663877,place-nubn,,Nubian,,,,42.329544,-71.083982,,"Washington St and Dudley St, Roxbury, MA",https://www.mbta.com/stops/place-nubn,,1,,1,Boston,,,,,,,,,,,,DOT_ADMIN,2023/12/11 19:40:12+00,DOT_ADMIN,2023/12/11 19:40:12+00
-7913569.685,5212107.038,663880,place-nuniv,,Northeastern University,,,,42.340401,-71.088806,,"Huntington Ave and Opera Pl, Boston, MA 02115",https://www.mbta.com/stops/place-nuniv,,1,,1,Boston,,,,,,,,,,,,DOT_ADMIN,2023/12/11 19:40:12+00,DOT_ADMIN,2023/12/11 19:40:12+00
-7911598.328,5226618.106,663883,place-ogmnl,,Oak Grove,,,,42.43668,-71.071097,CR-zone-1A,"Washington St and Winter St, Malden, MA 02148",https://www.mbta.com/stops/place-ogmnl,,1,,1,Malden,,,,,,,,,,,,DOT_ADMIN,2023/12/11 19:40:12+00,DOT_ADMIN,2023/12/11 19:40:12+00
-7904211.055,5219107.565,663892,place-orhte,,Orient Heights,,,,42.386867,-71.004736,,"1000 Bennington St, East Boston, MA 02128",https://www.mbta.com/stops/place-orhte,,1,,1,Boston,,,,,,,,,,,,DOT_ADMIN,2023/12/11 19:40:12+00,DOT_ADMIN,2023/12/11 19:40:12+00
-7910632.854,5214516.095,663900,place-pktrm,,Park Street,,,,42.356395,-71.062424,,"Tremont St and Winter St, Boston, MA 02108",https://www.mbta.com/stops/place-pktrm,,1,,1,Boston,,,,,,,,,,,,DOT_ADMIN,2023/12/11 19:40:12+00,DOT_ADMIN,2023/12/11 19:40:12+00
-7916947.452,5219338.614,663918,place-portr,,Porter,,,,42.3884,-71.119149,CR-zone-1A,"1899 Massachusetts Ave, Cambridge, MA 02140",https://www.mbta.com/stops/place-portr,,1,,1,Cambridge,,,,,,,,,,,,DOT_ADMIN,2023/12/11 19:40:12+00,DOT_ADMIN,2023/12/11 19:40:12+00
-7912778.203,5212885.539,663929,place-prmnl,,Prudential,,,,42.34557,-71.081696,,"Huntington Ave and Belvidere St, Boston, MA 02199",https://www.mbta.com/stops/place-prmnl,,1,,1,Boston,,,,,,,,,,,,DOT_ADMIN,2023/12/11 19:40:12+00,DOT_ADMIN,2023/12/11 19:40:12+00
-7904480.115,5196004.652,663934,place-qamnl,,Quincy Adams,,,,42.233391,-71.007153,,"Burgin Pkwy and Centre St, Quincy, MA 02169",https://www.mbta.com/stops/place-qamnl,,1,,1,Quincy,,,,,,,,,,,,DOT_ADMIN,2023/12/11 19:40:12+00,DOT_ADMIN,2023/12/11 19:40:12+00
-7904285.973,5198774.163,663941,place-qnctr,,Quincy Center,,,,42.251809,-71.005409,CR-zone-1,"175 Thomas E Burgin Pkwy, Quincy, MA 02169",https://www.mbta.com/stops/place-qnctr,,1,,1,Quincy,,,,,,,,,,,,DOT_ADMIN,2023/12/11 19:40:12+00,DOT_ADMIN,2023/12/11 19:40:12+00
-7902852.624,5222269.488,663953,place-rbmnl,,Revere Beach,,,,42.407843,-70.992533,,"220 Shirley Ave, Revere, MA",https://www.mbta.com/stops/place-rbmnl,,1,,1,Revere,,,,,,,,,,,,DOT_ADMIN,2023/12/11 19:40:12+00,DOT_ADMIN,2023/12/11 19:40:12+00
-7914309.403,5210751.101,663960,place-rcmnl,,Roxbury Crossing,,,,42.331397,-71.095451,,"1400 Tremont St, Roxbury, MA",https://www.mbta.com/stops/place-rcmnl,,1,,1,Boston,,,,,,,,,,,,DOT_ADMIN,2023/12/11 19:40:12+00,DOT_ADMIN,2023/12/11 19:40:12+00
-7931812.612,5211647.859,663964,place-river,,Riverside,,,,42.337352,-71.252685,,"367 Grove St, Newton, MA 02466",https://www.mbta.com/stops/place-river,,1,,1,Newton,,,,,,,,,,,,DOT_ADMIN,2023/12/11 19:40:12+00,DOT_ADMIN,2023/12/11 19:40:12+00
-7920243.511,5211306.915,663971,place-rsmnl,,Reservoir,,,,42.335088,-71.148758,,"401 Chestnut Hill Ave, Brookline, MA 02445",https://www.mbta.com/stops/place-rsmnl,,1,,1,Brookline,,,,,,,,,,,,DOT_ADMIN,2023/12/11 19:40:12+00,DOT_ADMIN,2023/12/11 19:40:12+00
-7913586.939,5211501.029,663979,place-rugg,,Ruggles,,,,42.336377,-71.088961,CR-zone-1A,"1150 Tremont St, Roxbury, MA 02120",https://www.mbta.com/stops/place-rugg,,1,,1,Boston,,,,,,,,,,,,DOT_ADMIN,2023/12/11 19:40:12+00,DOT_ADMIN,2023/12/11 19:40:12+00
-7916143.948,5210794.318,663995,place-rvrwy,,Riverway,,,,42.331684,-71.111931,,"South Huntington Ave and Huntington Ave, Boston, MA",https://www.mbta.com/stops/place-rvrwy,,1,,2,Boston,,,,,,,,,,,,DOT_ADMIN,2023/12/11 19:40:12+00,DOT_ADMIN,2023/12/11 19:40:12+00
-7915288.681,5208592.756,663998,place-sbmnl,,Stony Brook,,,,42.317062,-71.104248,,"100 Boylston St, Jamaica Plain, MA",https://www.mbta.com/stops/place-sbmnl,,1,,1,Boston,,,,,,,,,,,,DOT_ADMIN,2023/12/11 19:40:12+00,DOT_ADMIN,2023/12/11 19:40:12+00
-7903363.58,5219655.279,664002,place-sdmnl,,Suffolk Downs,,,,42.390501,-70.997123,,"1230 Bennington St, East Boston, MA 02128",https://www.mbta.com/stops/place-sdmnl,,1,,1,Boston,,,,,,,,,,,,DOT_ADMIN,2023/12/11 19:40:12+00,DOT_ADMIN,2023/12/11 19:40:12+00
-7909620.626,5207723.835,664007,place-shmnl,,Savin Hill,,,,42.31129,-71.053331,,"125 Savin Hill Ave, Dorchester, MA 02124",https://www.mbta.com/stops/place-shmnl,,1,,1,Boston,,,,,,,,,,,,DOT_ADMIN,2023/12/11 19:40:12+00,DOT_ADMIN,2023/12/11 19:40:12+00
-7915634.328,5212946.388,664012,place-smary,,Saint Mary's Street,,,,42.345974,-71.107353,,"Beacon St and Saint Mary's St, Boston, MA",https://www.mbta.com/stops/place-smary,,1,,1,Brookline,,,,,,,,,,,,DOT_ADMIN,2023/12/11 19:40:12+00,DOT_ADMIN,2023/12/11 19:40:12+00
-7911001.767,5204989.934,664015,place-smmnl,,Shawmut,,,,42.293126,-71.065738,,"Dayton St and Clementine Park, Dorchester, MA 02124",https://www.mbta.com/stops/place-smmnl,,1,,1,Boston,,,,,,,,,,,,DOT_ADMIN,2023/12/11 19:40:12+00,DOT_ADMIN,2023/12/11 19:40:12+00
-7921234.589,5211986.405,664019,place-sougr,,South Street,,,,42.3396,-71.157661,,,https://www.mbta.com/stops/place-sougr,,1,,2,Boston,,,,,,,,,,,,DOT_ADMIN,2023/12/11 19:40:12+00,DOT_ADMIN,2023/12/11 19:40:12+00
-7911216.391,5216063.162,664022,place-spmnl,,Science Park/West End,,,,42.366664,-71.067666,,"Leverett Circle and Nashua St, Boston, MA 02114",https://www.mbta.com/stops/place-spmnl,,1,,1,Boston,,,,,,,,,,,,DOT_ADMIN,2023/12/11 19:40:12+00,DOT_ADMIN,2023/12/11 19:40:12+00
-7909833.358,5213894.869,664029,place-sstat,,South Station,,,,42.352271,-71.055242,CR-zone-1A,"700 Atlantic Ave, Boston, MA 02110",https://www.mbta.com/stops/place-sstat,,1,,1,Boston,,,,,,,,,,,,DOT_ADMIN,2023/12/11 19:40:12+00,DOT_ADMIN,2023/12/11 19:40:12+00
-7910095.626,5214905.211,664057,place-state,,State,,,,42.358978,-71.057598,,"200 Washington St, Boston, MA",https://www.mbta.com/stops/place-state,,1,,1,Boston,,,,,,,,,,,,DOT_ADMIN,2023/12/11 19:40:12+00,DOT_ADMIN,2023/12/11 19:40:12+00
-7919958.979,5212289.721,664068,place-sthld,,Sutherland Road,,,,42.341614,-71.146202,,"Commonwealth Ave and Sutherland Rd, Boston, MA",https://www.mbta.com/stops/place-sthld,,1,,2,Boston,,,,,,,,,,,,DOT_ADMIN,2023/12/11 19:40:12+00,DOT_ADMIN,2023/12/11 19:40:12+00
-7916707.893,5212547.714,664071,place-stpul,,Saint Paul Street,,,,42.343327,-71.116997,,"Beacon St and Saint Paul St, Brookline, MA 02446",https://www.mbta.com/stops/place-stpul,,1,,2,Brookline,,,,,,,,,,,,DOT_ADMIN,2023/12/11 19:40:12+00,DOT_ADMIN,2023/12/11 19:40:12+00
-7912254.779,5218671.708,664074,place-sull,,Sullivan Square,,,,42.383975,-71.076994,,"Maffa Way and Cambridge St, Charlestown, MA 02129",https://www.mbta.com/stops/place-sull,,1,,1,Boston,,,,,,,,,,,,DOT_ADMIN,2023/12/11 19:40:12+00,DOT_ADMIN,2023/12/11 19:40:12+00
-7917666.688,5212213.816,664092,place-sumav,,Summit Avenue,,,,42.34111,-71.12561,,"Beacon St and Summit Ave, Brookline, MA",https://www.mbta.com/stops/place-sumav,,1,,2,Brookline,,,,,,,,,,,,DOT_ADMIN,2023/12/11 19:40:12+00,DOT_ADMIN,2023/12/11 19:40:12+00
-7913152.237,5212451.323,664095,place-symcl,,Symphony,,,,42.342687,-71.085056,,"Massachusetts Ave and Huntington Ave, Boston, MA",https://www.mbta.com/stops/place-symcl,,1,,2,Boston,,,,,,,,,,,,DOT_ADMIN,2023/12/11 19:40:12+00,DOT_ADMIN,2023/12/11 19:40:12+00
-7919124.082,5211814.57,664104,place-tapst,,Tappan Street,,,,42.338459,-71.138702,,"Beacon St and Tappan St, Brookline, MA",https://www.mbta.com/stops/place-tapst,,1,,2,Brookline,,,,,,,,,,,,DOT_ADMIN,2023/12/11 19:40:12+00,DOT_ADMIN,2023/12/11 19:40:12+00
-7910799.054,5213501.879,664107,place-tumnl,,Tufts Medical Center,,,,42.349662,-71.063917,,"750 Washington St, Boston, MA",https://www.mbta.com/stops/place-tumnl,,1,,1,Boston,,,,,,,,,,,,DOT_ADMIN,2023/12/11 19:40:12+00,DOT_ADMIN,2023/12/11 19:40:12+00
-7914232.593,5217674.676,664112,place-unsqu,,Union Square,,,,42.377359,-71.094761,,"50 Prospect St, Somerville, MA 02143",https://www.mbta.com/stops/place-unsqu,,1,,1,Somerville,,,,,,,,,,,,DOT_ADMIN,2023/12/11 19:40:12+00,DOT_ADMIN,2023/12/11 19:40:12+00
-7912738.908,5201261.667,664120,place-valrd,,Valley Road,,,,42.268347,-71.081343,,"291 Valley Rd, Milton, MA 02186",https://www.mbta.com/stops/place-valrd,,1,,2,Milton,,,,,,,,,,,,DOT_ADMIN,2023/12/11 19:40:12+00,DOT_ADMIN,2023/12/11 19:40:12+00
-7929355.123,5209915.107,664124,place-waban,,Waban,,,,42.325845,-71.230609,,"Beacon St and Waban Sq, Newton, MA 02468",https://www.mbta.com/stops/place-waban,,1,,2,Newton,,,,,,,,,,,,DOT_ADMIN,2023/12/11 19:40:12+00,DOT_ADMIN,2023/12/11 19:40:12+00
-7919586.17,5212628.592,664131,place-wascm,,Washington Street,,,,42.343864,-71.142853,,"Commonwealth Ave and Washington St, Boston, MA",https://www.mbta.com/stops/place-wascm,,1,,1,Boston,,,,,,,,,,,,DOT_ADMIN,2023/12/11 19:40:12+00,DOT_ADMIN,2023/12/11 19:40:12+00
-7912264.575,5221444.386,664134,place-welln,,Wellington,,,,42.40237,-71.077082,,"Revere Beach Pkwy and Rivers Edge Dr, Medford, MA 02155",https://www.mbta.com/stops/place-welln,,1,,1,Medford,,,,,,,,,,,,DOT_ADMIN,2023/12/11 19:40:12+00,DOT_ADMIN,2023/12/11 19:40:12+00
-7906229.166,5218018.411,664140,place-wimnl,,Wood Island,,,,42.37964,-71.022865,,"450 Bennington St, East Boston, MA",https://www.mbta.com/stops/place-wimnl,,1,,1,Boston,,,,,,,,,,,,DOT_ADMIN,2023/12/11 19:40:12+00,DOT_ADMIN,2023/12/11 19:40:12+00
-7905947.751,5200985.931,664146,place-wlsta,,Wollaston,,,,42.266514,-71.020337,,"90 Woodbine St, Quincy, MA 02171",https://www.mbta.com/stops/place-wlsta,,1,,1,Quincy,,,,,,,,,,,,DOT_ADMIN,2023/12/11 19:40:12+00,DOT_ADMIN,2023/12/11 19:40:12+00
-7902754.106,5223110.343,664153,place-wondl,,Wonderland,,,,42.41342,-70.991648,,"1300 North Shore Rd, Revere, MA 02151",https://www.mbta.com/stops/place-wondl,,1,,1,Revere,,,,,,,,,,,,DOT_ADMIN,2023/12/11 19:40:12+00,DOT_ADMIN,2023/12/11 19:40:12+00
-7930774.78,5210977.73,664162,place-woodl,,Woodland,,,,42.332902,-71.243362,,"1940 Washington St, Newton, MA 02466",https://www.mbta.com/stops/place-woodl,,1,,1,Newton,,,,,,,,,,,,DOT_ADMIN,2023/12/11 19:40:12+00,DOT_ADMIN,2023/12/11 19:40:12+00
-7919319.448,5213303.206,664167,place-wrnst,,Warren Street,,,,42.348343,-71.140457,,"Commonwealth Ave and Warren St, Boston, MA",https://www.mbta.com/stops/place-wrnst,,1,,2,Boston,,,,,,,,,,,,DOT_ADMIN,2023/12/11 19:40:12+00,DOT_ADMIN,2023/12/11 19:40:12+00
